Municípios,BPM/CIA,Endereco,STATUS,latitude,longitude,lAT,lONG,AISP,Georeferenciamento,RISP
Acauã,20º BPM/1ª CIA/GPM,"Avenida Professora Maria Lina Araújo, 235, Centro, Acauã-PI, 64.748-000",IMPLANTADO,-8.216636,-41.080597,-8°12'59'',-41°4'50'',XI ,Interior,III 
Agricolândia,18º BPM/1ª CIA/GPM,"Rua Francisco José de Carvalho, s/nº , Centro, Agricolândia-PI, 64.440-000",IMPLANTADO,-5.797239,-42.661556,-5°47'50'',-42°39'41'',XXII ,Interior,II 
Agua Branca,18º BPM/1ª CIA/SEDE,"BR- 343, KM 448 Bairro São Luís, Água Branca – PI, CEP: 64.460-000",IMPLANTADO,-5.893081,-42.647865,-5°53'35'',-42°38'52'',XXII ,Interior,II 
Alagoinha do Piauí,4º BPM/2ª CIA/GPM,"Rua Manoel Policarpo, s/nº, Centro, Alagoinha do Piauí-PI, 64.655-000",IMPLANTADO,-7.006861,-40.937012,-7°0'24'',-40°56'13'',X ,Interior,III 
Alegrete do Piauí,4º BPM/2ª CIA/GPM,"Rua João Veloso, nº 95, Centro, Alegrete do Piauí-PI, 64.675-000",IMPLANTADO,-7.241688,-40.859005,-7°14'30'',-40°51'32'',X ,Interior,III 
Alto Longá,21º BPM/1ª CIA/GPM,"Rua Benedito Brito, 111, Centro, Alto Longá-PI, 64.360-000",IMPLANTADO,-5.252586,-42.210155,-5°15'9'',-42°12'36'',XX ,Interior,II 
Altos,21º BPM/1ª & 2ª CIA/SEDE,"Avenida Nossa Senhora de Fátima, 1510, Centro, Altos - PI, 64.290-000",IMPLANTADO,-5.038503,-42.448620,-5°2'18'',-42°26'55'',XX ,Interior,II 
Alvorada do Gurguéia,19º BPM/2ª CIA/GPM,"Rua Joaquim Xavier, 2583, Centro, Alvorada do Gurguéia-PI, 64.923-000",IMPLANTADO,-8.449662,-43.865726,-8°26'58'',-43°51'56'',XIV ,Interior,IV 
Amarante,18º BPM/3ªCIA/SEDE,"Rua Afrânio Filho,s/nº, Centro, Amarante-PI, 64.400-00",IMPLANTADO,-6.252141,-42.848053,-6°15'7'',-42°50'52'',XXII ,Interior,II 
Angical do Piauí,18º BPM/2ª CIA/GPM,"Avenida João Siqueira Paes, 433, Centro, Angical do Piauí-PI, 64.410-000",IMPLANTADO,-6.081790,-42.733852,-6°4'54'',-42°44'1'',XXII ,Interior,II 
Anísio de Abreu,11º BPM/3ªCIA/GPM,"Rua Salvador Xavier de Macêdo, s/nº, Centro, Anísio de Abreu-PI, 64.780-000",IMPLANTADO,-9.189296,-43.047821,-9°11'21'',-43°2'52'',XVI ,Interior,III 
Antônio Almeida,10º BPM/1ª CIA/GPM,"Rua 13 de Maio, 44, Centro, Antônio Almeida-PI, 64.855-000",IMPLANTADO,-7.220289,-44.196667,-7°13'13'',-44°11'48'',XIII ,Interior,IV 
Aroazes,23º BPM/1ª CIA/GPM,"Av. 27 de Fevereiro, 900, Centro, Aroazes-PI, 64.310-000",IMPLANTADO,-6.110876,-41.790916,-6°6'39'',-41°47'27'',IX ,Interior,III 
Aroeira do Itaim,4º BPM/1ª CIA/GPM,"Travessa do P Bezerra, s/nº, Centro, Aroeiras do Itaim-PI, 64.612-000",IMPLANTADO,-7.278561,-41.562950,-7°16'42'',-41°33'46'',X ,Interior,III 
Arraial,3º BPM/1ª CIA/GPM,"Rua Elias Helai, s/nº, Centro, Arraial-PI, 64.852-000",IMPLANTADO,-6.653843,-42.534931,-6°39'13'',-42°32'5'',XVII ,Interior,IV 
Assunção do Piauí,15º BPM/2ª CIA/GPM,"PI 115, s/nº, Assunção do Piauí - PI, 64.333-000",IMPLANTADO,-5.860571,-41.046341,-5°51'38'',-41°2'46'',VIII ,Interior,I 
Avelino Lopes,7º BPM/4ª CIA/SEDE,"Av. Bom Jesus, s/nº, Centro, Avelino Lopes - PI, 64.965-000",IMPLANTADO,-10.139480,-43.946125,-10°8'22'',-43°56'46'',XV ,Interior,IV 
Baixa Grande do Ribeiro,10º BPM/3ª CIA/SEDE,"Rua Martins Santos, s/nº, Centro, Baixa Grande do Ribeiro-PI, 64.868-000",IMPLANTADO,-7.861926,-45.211838,-7°51'42'',-45°12'42'',XIII ,Interior,IV 
Baixa Grande do Ribeiro,3ª CIPA,,NÃO INSTALADA,,,,,,,
Barra D'Alcantara,23º BPM/2ª CIA/GPM,"Rua Maria da Conceição, 41, Centro, Barra D'Alcantara, 64.528-000",IMPLANTADO,-6.519599,-42.106697,-6°31'10'',-42°6'24'',IX ,Interior,III 
Barra Grande,24º BPM/2ª CIA/PPO,"PI 402, s/nº, Zona Rural, Barra Grande, Cajueiro da Praia-PI, 64.222-000",IMPLANTADO,-2.917102,-41.408230,-2°55'1'',-41°24'29'',IV ,Interior,I 
Barras,30º BPM/1ª & 2ª CIA SEDE,"Rua Cândido Constâncio,s/nº, Barras-PI, 64.144-00",IMPLANTADO,-3.985825,-42.621819,-3°59'8'',-42°37'18'',VII ,Interior,I 
Barreiras do Piauí,7º BPM/1ª CIA/GPM,"Rua 07 de Setembro, s/nº, Centro, Barreiras-PI, 64.990-000",IMPLANTADO,-9.923247,-45.477791,-9°55'23'',-45°28'40'',XV ,Interior,IV 
Barro Duro,18º BPM/1º CIA/GPM,"Rua Florêncio da Luz, nº 237, Centro, Barro Duro-PI, 64.455-000",IMPLANTADO,-5.816845,-42.513393,-5°49'0'',-42°30'48'',XXII ,Interior,II 
Batalha,25º BPM/1ª CIA/GPM,"Av. Getúlio Vargas, s/nº, Centro, Batalha-PI, 64.190-000",IMPLANTADO,-4.025041,-42.078281,-4°1'30'',-42°4'41'',VI ,Interior,I 
Bela Vista do Piauí,14º BPM/2ª CIA/GPM,"Rua Francisco Prudente de Assis, 111, Centro, Bela Vista do Piauí-PI, 64.705-000",IMPLANTADO,-8.000000,-41.870307,-7°58'25'',-41°52'13'',XII ,Interior,III 
Belém do Piauí,20º BPM/3ª CIA/GPM,"Rua estrada dos Evangélicos, s/nº, Centro, Belém do Piauí-PI,",IMPLANTADO,-7.374036,-40.969707,-7°22'26'',-40°58'10'',XI ,Interior,III 
Beneditinos,21º BPM/1ª CIA/GPM,"Rua Antero Resende, s/nº, Beneditinos-PI, 64.380-000",IMPLANTADO,-5.462924,-42.368900,-5°27'46'',-42°22'8'',XX ,Interior,II 
Bertolínia,10º BPM/1ª CIA/GPM,"Avenida Presidente Médice, nº 233, Centro, Bertolínea - PI, 64.870-000",IMPLANTADO,-7.635754,-43.953232,-7°38'8'',-43°57'11'',XIII ,Interior,IV 
Betânia do Piauí,20º BPM/1ª CIA/GPM,"Avenida José Inocêncio, 881, Centro, Betânia do Piauí-PI, 64.753-000",IMPLANTADO,-8.143441,-40.798794,-8°8'36'',-40°47'55'',XI ,Interior,III 
Boa Hora,30º BPM/1ª CIA/SEDE,"Avenida Antônio Rodrigues, s/nº,Boa Hora - PI, 64.108-000",IMPLANTADO,-4.411108,-42.127396,-4°24'39'',-42°7'38'',VII ,Interior,I 
Bocaina,4º BPM/3ª CIA/GPM,"Rua São José, s/nº, centro, Bocaina-PI, 64.630-000",IMPLANTADO,-6.947585,-41.323612,-6°56'51'',-41°19'25'',X ,Interior,III 
Bom Jesus,19º BPM/1ª CIA/SEDE,"Rua 7 de Setembro, 87, Centro, Bom Jesus - PI, 64900-000",IMPLANTADO,-9.072103,-44.356880,-9°4'19'',-44°21'24'',XIV ,Interior,IV 
Bom Jesus,BEPI/4ª CIA,,IMPLANTADO,,,,,,,
Bom Jesus,CITRAN/3ª CIA,,NÃO INSTALADA,,,,,,,
Bom Princípio do Piauí,31º BPM/1ª CIA/GPM,"Avenida Ceará, s/nº, Centro, Bom Princípio do Piauí-PI, 64.225-000",IMPLANTADO,-3.000000,-41.639610,-3°11'23'',-41°38'22'',III ,Interior,I 
Bonfim do Piauí,11º BPM/3ªCIA/GPM,"Rua Francisco Xavier (PI-144), s/nº, Centro, Bonfim do Piauí-PI, 64.775-000",IMPLANTADO,-9.166607,-42.868828,-9°9'59'',-42°52'7'',XVI ,Interior,III 
Boqueirão,15º BPM/1ª CIA/GPM,"Rua Ana Francisca leite, s/n, centro, Boqueirão do Piauí, 64283-000",IMPLANTADO,-4.486851,-42.118710,-4°29'12'',-42°7'7'',VIII ,Interior,I 
Brasileira,12º BPM/1ª CIA/GPM,"Rua Aurora Alves, 587, Centro, Brasileira-PI, 64.265-000",IMPLANTADO,-4.134948,-41.784538,-4°8'5'',-41°47'4'',V ,Interior,I
Brejinho,24º BPM/1ª CIA/PPO,"PI 401,s/nº, Zona Rural, Brejinho de Fátima, Luis Correia-PI, 64.220-000",IMPLANTADO,-3.273292,-41.414837,-3°16'23'',-41°24'53'',IV ,Interior,I 
Brejo do Piauí,28º BPM/1ª CIA/GPM,"Avenida José Gomes Chaves, s/nº, Centro, Brejo do Piauí-PI, 64.895-000",IMPLANTADO,-8.206942,-42.836109,-8°12'24'',-42°50'9'',XVIII ,Interior,IV 
Buriti dos Lopes,31º BPM/1ª CIA/GPM,"Rua Euripedes de Aguiar, 494, Buriti dos Lopes-PI, 64.230-000",IMPLANTADO,-3.178971,-41.871456,-3°10'44'',-41°52'17'',III ,Interior,I 
Buriti dos Montes,15º BPM/2ª CIA/GPM,"Rua José Alves, 395, Centro, Buriti dos Montes-PI, 64.345-000",IMPLANTADO,-5.311704,-41.099651,-5°18'42'',-41°5'58'',VIII ,Interior,I 
Cabeceiras,30º BPM/1ª CIA/GPM,"Rua São José s/nº, Centro, Cabeceiras - PI, 64.105-970",IMPLANTADO,-4.473778,-42.309425,-4°28'25'',-42°18'33'',VII ,Interior,I 
Cajazeiras do Piauí,14º BPM/1ª CIA/GPM,"Avenida Carmo Neto, s/nº, Cajazeiras do Piauí, 64.514-000",IMPLANTADO,-6.794392,-42.396839,-6°47'39'',-42°23'48'',XII ,Interior,III 
Cajueiro da Praia,24º BPM/2ª CIA/SEDE,"Rua João Jorge, nº 1025, Centro, Cajueiro da Praia - PI, 64.222-000",IMPLANTADO,-2.931921,-41.332684,-2°55'54'',-41°19'57'',IV ,Interior,I 
Caldeirão Grande,20º BPM/2ª CIA/GPM,"Rua Euclides Alves de Araújo, 42, Centro, Caldeirão Grande-PI, 64.695-000",IMPLANTADO,-7.330880,-40.638058,-7°19'51'',-40°38'17'',XI ,Interior,III 
Campinas do Piauí,14º BPM/2ª CIA/GPM,"Rua da Glória, s/nº, Centro, Campinas do Piauí-PI, 64.730-000",IMPLANTADO,-7.660963,-41.880821,-7°39'39'',-41°52'50'',XII ,Interior,III 
Campo Alegre do Fidalgo,11º BPM/2ªCIA/GPM,"Rua Maria Angelica Dias. s/nº, Centro, Campo Alegre do Fidalgo-PI, 64.767-000",IMPLANTADO,-8.376871,-41.835865,-8°22'36'',-41°50'9'',XVI ,Interior,III 
Campo Grande do Piauí,4º BPM/2ª CIA/GPM,"Avenida Manoel Alves de Sousa, s/nº Centro, Campo Grande do Piauí-PI, 64.578-000",IMPLANTADO,-7.132277,-41.035797,-7°7'56'',-41°2'8'',X ,Interior,III 
Campo Largo,30º BPM/1ª CIA/GPM,"Rua São José, s/nº, Campo Largo-PI, 64.148-000",IMPLANTADO,-3.789776,-42.627552,-3°47'23'',-42°37'39'',VII ,Interior,I 
Campo Maior,15º BPM/1ª & 4ª CIA/SEDE,"Rua Padre Galileu, s/nº, Bairro de Fátima, 64280-000, Campo Maior-PI",IMPLANTADO,-4.411108,-42.166854,-4°24'39'',-42°10'0'',VIII ,Interior,I 
Canavieira,10º BPM/2ª CIA/GPM,"Avenida Pedro Fonseca, S/nº, Centro, Canavieira-PI, 64833-000",IMPLANTADO,-7.691569,-43.719078,-7°41'29'',-43°43'8'',XIII ,Interior,IV 
Canto do Buriti,28º BPM/1ª & 3ª CIA/SEDE,"Avenida Getúlio Vargas S/N, Centro, Canto do Buriti, 64.890-000",IMPLANTADO,-8.098678,-42.948029,-8°5'55'',-42°56'52'',XVIII ,Interior,IV 
Capitão de Campos,15º BPM/1ª CIA/GPM,"Av. Santos Dumont, n°351, centro, Capitão de Campos-PI, 64.270-000",IMPLANTADO,-4.460352,-41.942356,-4°27'37'',-41°56'32'',VIII ,Interior,I 
Capitão Gervásio Oliveira,11º BPM/2ªCIA/GPM,"Avenida Antônio Mendes de Sousa, s/nº, Centro, Capitão Gervásio Oliveira-PI, 64.763-000",IMPLANTADO,-8.425147,-41.853104,-8°25'30'',-41°51'11'',XVI ,Interior,III 
Caracol,11º BPM/3ªCIA/SEDE,"Rua João Dias, s/nº, Centro, Caracol-PI, 64.795-000",IMPLANTADO,-9.281124,-43.330498,-9°16'52'',-43°19'49'',XVI ,Interior,III 
Caraúbas do Piauí,31º BPM/1ª CIA/GPM,"Rua Lino Portela, s/nº, Centro, Caraúbas do Piauí-PI, 64.233-000",IMPLANTADO,-3.477378,-41.843956,-3°28'38'',-41°50'38'',III ,Interior,I 
Caridade do Piauí,20º BPM/2ª CIA/GPM,"Rua José Antônio Lopes, s/nº, Centro, Caridade-PI, 64.590-000",IMPLANTADO,-7.734062,-40.988358,-7°44'2'',-40°59'18'',XI ,Interior,III 
Castelo do Piauí,15º BPM/3ª CIA/SEDE,"Avenida Antonino Freire s/nº, Centro, Castelo do Piauí - PI, 64.340-000",IMPLANTADO,-5.322690,-41.551113,-5°19'21'',-41°33'4'',VIII ,Interior,I 
Caxingó,31º BPM/1ª CIA/GPM,"Rua Vereador Zeca Neris, s/n, Centro, Caxingó-PI, 64.228-000",IMPLANTADO,-3.422078,-41.894901,-3°25'19'',-41°53'41'',III ,Interior,I 
Cerâmica Cil,17º BPM/3ª CIA/PPO,"Rua São João Evangelista, 736, Angelim, Teresina-PI, 64.041-110",IMPLANTADO,-5.277031,-42.802490,-5°16'37'',-42°48'8'',V ,Interior,II 
Cocal da Estação,31º BPM/1ª CIA/SEDE,"Rua Carmélia Dutra, 285, Centro, Cocal-PI, 64235-000",IMPLANTADO,-3.471176,-41.554897,-3°28'16'',-41°33'17'',III ,Interior,I 
Cocal de Telha,15º BPM/1ª CIA/GPM,"Rua Irineu Gomes, s/n, Centro, Cocal de Telha-PI, 64.278-000",IMPLANTADO,-4.555054,-41.973606,-4°33'18'',-41°58'24'',VIII ,Interior,I 
Cocal dos Alves,31º BPM/1ª CIA/GPM,"Rua 24 de Junho, s/nº, Centro, Cocal dos Alves, 64238-000",IMPLANTADO,-3.602414,-41.444012,-3°36'8'',-41°26'38'',III ,Interior,I 
Coivaras,21º BPM/1ª CIA/GPM,"Rua Soldado Cruz, 780, Centro, Coivaras-PI, 64.335-000",IMPLANTADO,-5.091412,-42.204258,-5°5'29'',-42°12'15'',XX ,Interior,II 
Colônia do Gurguéia,19º PM/2ªCIA/GPM,"Rua Luiz Augusto, s/nº, Centro, Colônia do Gurguéia, CEP: 64885-000 ",IMPLANTADO,-8.181545,-43.791885,-8°10'53'',-43°47'30'',XIV ,Interior,IV
Colônia do Piauí,19º BPM/2ª CIA/SEDE,"Rua Professor Manoel, s/nº, Mandacaru, Colônia do Piauí-PI, 64.516-000",IMPLANTADO,-7.227418,-42.175732,-7°13'38'',-42°10'32'',XII ,Interior,III
Conceição do Canindé,14º BPM/2ª CIA/GPM,"Av. Central, s/nº, Centro, Conceição do Canindé-PI, 64.740-000",IMPLANTADO,-7.876344,-41.596902,-7°52'34'',-41°35'48'',XII ,Interior,III 
Coronel José Dias,11º BPM/1ªCIA/GPM,"Rua Irineu Silva, s/nº  Centro, Coronel José Dias - PI, 64.793-000",IMPLANTADO,-8.825302,-42.477505,-8°49'31'',-42°28'39'',XVI ,Interior,III 
Corrente,7º BPM/1ª CIA/SEDE,"Av. Manoel Lourenço Cavalcante, s/nº, Bairro Nova Corrente, Corrente-PI, 64.980-000",IMPLANTADO,-10.436933,-45.175945,-10°26'12'',-45°10'33'',XV ,Interior,IV 
Cristalândia do Piauí,7º BPM/1ª CIA/GPM,"Av. Getúlio Lustosa, s/nº, Centro, Cristalândia-PI, 64.995-000",IMPLANTADO,-10.651451,-45.183182,-10°39'5'',-45°10'59'',XV ,Interior,IV 
Cristino Castro,19º BPM/1ª CIA/GPM,"Rua Simão Boerges S/N, Centro, Cristino Castro - PI, 64.920-000",IMPLANTADO,-8.816934,-44.223740,-8°49'0'',-44°13'25'',XIV ,Interior,IV 
Curimatá,7º BPM/2ª CIA/SEDE,"Praça Marcolino Camelo José, 39, Centro, Curimatá-PI, 64.960-000",IMPLANTADO,-10.038424,-44.303139,-10°2'18'',-44°18'11'',XV ,Interior,IV 
Currais,19º BPM/1ª CIA/GPM,"Avenida Cosmópolis, s/nº, Água Branca, Currais-PI, 64.905-000",IMPLANTADO,-9.014702,-44.399059,-9°0'52'',-44°23'56'',XIV ,Interior,IV 
Currais Novos,20º BPM/2ª CIA/GPM,"Rua Rita Maria, s/nº, Centro, Currais Novos-PI, 64.595-000",IMPLANTADO,-7.734062,-40.988358,-7°44'2'',-40°59'18'',XI ,Interior,III 
Curralinho,17º BPM/3ª CIA/GPM,"Rua Manoel Pereira Lopes, 154, Curralilhos - PI, 64.453-000",IMPLANTADO,-5.617586,-42.831188,-5°37'3'',-42°49'52'',XXI ,Interior,II 
Demerval Lobão,17º BPM/3ª CIA/SEDE,"Avenida Padre Joaquim Nonato, 567, Centro, Demerval Lobão-PI, 64.390-000",IMPLANTADO,-5.357803,-42.675987,-5°21'28'',-42°40'33'',XXI ,Interior,II 
Dirceu Arcoverde,11º BPM/1ªCIA/GPM,"Rua Projetada, s/nº, Bairro Santa Luzia, Dirceu Arcoverde-PI, 64.785-000",IMPLANTADO,-9.339499,-42.436104,-9°20'22'',-42°26'9'',XVI ,Interior,III 
Dom Expedito Lopes,4º BPM/1ª CIA/GPM,"Avenida José Honório de Sousa, s/nº, Centro, Dom Expedito Lopes-PI, 64.620-000",IMPLANTADO,-6.967565,-41.650421,-6°58'3'',-41°39'1'',X ,Interior,III 
Dom Inocêncio,11º BPM/1ªCIA/GPM,"Travessa Azedinho, nº 242, Centro, Dom Inocêncio-PI, 64.783-000",IMPLANTADO,-9.001436,-41.974392,-9°0'5'',-41°58'27'',XVI ,Interior,III 
Domingos Mourão,12º BPM/2ª CIA/GPM,"Rua Aderson Alves Ferreira, 1030, Domingos Mourão - PI, 64.260-000",IMPLANTADO,-4.253173,-41.269848,-4°15'11'',-41°16'11'',V ,Interior,I
Elesbão Veloso,23º BPM/2ª CIA/SEDE,"Rua Costa Alvarenga, s/nº, Piçarra, Elesbão veloso-PI, 64.325-000",IMPLANTADO,-6.206977,-42.135357,-6°12'25'',-42°8'7'',IX ,Interior,III 
Eliseu Martins,19º BPM/2ª CIA/GPM,"Rua Mateus Ferreira, s/nº, Centro, Eliseu Martins, 64.880-000",IMPLANTADO,-8.100675,-43.657860,-8°6'2'',-43°39'28'',XIV ,Interior,IV 
Esperantina,25º BPM/1ª CIA/SEDE,"Avenida Ministro Petrônio Portela, 1179, Esperantina-PI, 64.180-000",IMPLANTADO,-3.894264,-42.237083,-3°53'39'',-42°14'13'',VI ,Interior,I 
Esperantina,BEPI/2ª CIA,"Avenida Ministro Petrônio Portela, 1179, Esperantina-PI, 64.180-001",IMPLANTADO,-3.894264,-42.237083,-3°53'39'',-42°14'13'',,,
Fartura do Piauí,11º BPM/1ª CIA/GPM,"Avenida Miguel Aveliino Braga, s/nº, Centro, Fartura do Piauí-PI, 64.788-000",IMPLANTADO,-9.483871,-42.790771,-9°29'1'',-42°47'26'',XVI ,Interior,III 
Flores do Piauí,28º BPM/1ª CIA/GPM,"Rua João Pessoa, 256, Centro, Flores do Piauí-PI, 64.815-000",IMPLANTADO,-7.792771,-42.925980,-7°47'33'',-42°55'33'',XVIII ,Interior,IV 
Floresta do Piauí,14º BPM/2ª CIA/GPM,"Rua Vicente Manoel do Nascimento, s/nº, Centro, Floresta do Piauí-PI, 64.562-000",IMPLANTADO,-7.467545,-41.799286,-7°28'3'',-41°47'57'',XII ,Interior,III 
Floriano,3° BPM/2ªCIA/SEDE,"Rua José Nogueira Paranaguá, s/nº, Irapuá II, Floriano-PI, 64.800-600",IMPLANTADO,-6.775750,-43.036790,-6°46'32'',-43°2'12'',XVII ,Interior,I 
Floriano,3º BPM/1ª CIA/SEDE,"Rua Marques da Rocha, s/nº, Caixa D’água, Floriano-PI, 64.806-080",IMPLANTADO,-6.777954,-43.021801,-6°46'40'',-43°1'18'',XVII ,Interior,IV 
Floriano,Esquadrão,"Rua Marques da Rocha, s/nº, Caixa D’água, Floriano-PI, CEP 64.806-080",IMPLANTADO,-6.777954,-43.021801,-6°46'40'',-43°1'18'',,,
Francinópolis,23º BPM/2ª CIA/GPM,"Rua Deusdete Barbosa, n214, Centro, Francinópolis-PI, 64.520-000",IMPLANTADO,-6.395982,-42.260357,-6°23'45'',-42°15'37'',IX ,Interior,III 
Francisco Aires,3º BPM/2ª CIA/GPM,"Rua 2 de Abril, S/n, Centro, Francisco Aires - PI, 64.475-970",IMPLANTADO,-6.625312,-42.692924,-6°37'31'',-42°41'34'',XVII ,Interior,IV 
Francisco Macêdo,20º BPM/3ª CIA/GPM,"Rua Meton Antão de Carvalho, s/nº, Centro, Francisco Macêdo-PI, 64.683-000",IMPLANTADO,-7.328370,-40.793818,-7°19'42'',-40°47'37'',XI ,Interior,III 
Francisco Santos,4º BPM/3ª CIA/GPM,"Avenida Francisco Edvaldo, 99, Centro, Francisco Santos-PI, 64.645-000",IMPLANTADO,-6.995996,-41.132904,-6°59'45'',-41°7'58'',X ,Interior,III 
Fronteiras,4º BPM/2ª CIA/SEDE,"Avenida 07 de Setembro, s/nº, Centro, Fronteiras-PI, 64.660-000",IMPLANTADO,-6.837988,-40.614166,-6°50'16'',-40°36'50'',X ,Interior,III 
Geminiano,4º BPM/1ª CIA/GPM,"Avenida Brasil, 272, Centro, Geminiano-PI, 64.613-000",IMPLANTADO,-7.157138,-41.361809,-7°9'25'',-41°21'42'',X ,Interior,III 
Gilbués,7º BPM/1ª CIA/GPM,"Rua Joaquim Rodrigues, s/nº Centro, Gilbués-PI, 64.930-000",IMPLANTADO,-9.835132,-45.345940,-9°50'6'',-45°20'45'',XV ,Interior,IV 
Guadalupe,10º BPM/2ª CIA/SEDE,"Avenida Manoel Ribeiro da Fonseca, 556, Cruzeta, Guadalupe-PI, 64.840-000",IMPLANTADO,-6.793762,-43.570526,-6°47'37'',-43°34'13'',XIII ,Interior,IV 
Guaribas,11º BPM/3ªCIA/GPM,"Rua Daécio Andrade, s/nº, Centro, Guaribas-PI, 64.798-000",IMPLANTADO,-9.394568,-43.693764,-9°23'40'',-43°41'37'',XVI ,Interior,III 
Hugo Napoleão,18º BPM/1º CIA/GPM,"Rua Doutor Paulo Mota, 448, Hugo Napoleão-PI, 64.470-000",IMPLANTADO,-5.991113,-42.558662,-5°59'28'',-42°33'31'',XXII ,Interior,II 
Ilha Grande,2º BPM/1ª CIA/GPM,"Avenida Martins Ribeiro, 2010, Centro, Parnaíba-PI, 64.224-000",IMPLANTADO,-2.851952,-41.802304,-2°51'7'',-41°48'8'',I ,Interior,I 
Inhuma,23º BPM/1ª CIA/GPM,"Rua Gonçalves Dias, s/nº, Centro, Inhuma-PI, 64.535-000",IMPLANTADO,-6.672940,-41.708557,-6°40'22'',-41°42'30'',IX ,Interior,III 
Ipiranga do Piauí,23º BPM/1ª CIA/GPM,"Avenida Joel Borges, 945, Centro,  Ipiranga do Piauí-PI, 64.540-000",IMPLANTADO,-6.821548,-41.738060,-6°49'17'',-41°44'17'',IX ,Interior,III 
Isaías Coelho,14º BPM/2ª CIA/GPM,"Avenida Otílio Manoel Rodrigues, s/nº Centro, Isaias Coelho-PI, 64.570-000",IMPLANTADO,-7.735920,-41.676514,-7°44'9'',-41°40'35'',XII ,Interior,III 
Itainópolis,4º BPM/1ª CIA/GPM,"Avenida Tancredo Neves, 50,Bairro Cohab, Itainópolis-PI, 64.565-000",IMPLANTADO,-7.445172,-41.483391,-7°26'42'',-41°29'0'',X ,Interior,III 
Itaueiras,28º BPM/1ª CIA/GPM,"Rua 7 de Setembro, s/nº, Centro, Itaueira-PI, 64.820-000",IMPLANTADO,-7.601089,-43.022011,-7°36'3'',-43°1'19'',XVIII ,Interior,IV 
Jacobina,20º BPM/1ª CIA/GPM,"Av.Vereador João Almeida, s/nº, Centro, Jacobina-PI,64.755-000",IMPLANTADO,-7.935170,-41.210052,-7°56'6'',-41°12'36'',XI ,Interior,III 
Jaicós,20º BPM/3ª CIA/SEDE,"Rua Manoel Lúcio de Sousa Neto, s/nº Nossa Senhora das Mercês, Jaicós-PI, 64.575-000",IMPLANTADO,-7.356965,-41.144966,-7°21'25'',-41°8'41'',XI ,Interior,III 
Jardim do Mulato,18º BPM/2ª CIA/GPM,"Rua Projetada, s/nº, Jardim do Mulato-PI, 64.495-000",IMPLANTADO,-6.090340,-42.639793,-6°5'25'',-42°38'23'',XXII ,Interior,II 
Jatobá do Piauí,15º BPM/1ª CIA/GPM,"Rua Joaquim Terto, n°315, urbano, Jatobá do Piauí-PI,  64.275-000",IMPLANTADO,-4.771020,-41.818295,-4°46'15'',-41°49'5'',VIII ,Interior,I 
Jerumenha,10º BPM/2ª CIA/GPM,"Rua Centenário, S/nº, Bairro Campo, Jerumenha-PI, 64830-000",IMPLANTADO,-7.090122,-43.502449,-7°5'24'',-43°30'8'',XIII ,Interior,IV 
João Costa,11º BPM/2ªCIA/GPM,"  Rua Noé Gomes, 125, Centro, João Costa-PI, 64.765-000",IMPLANTADO,-8.491596,-42.417389,-8°29'29'',-42°25'2'',XVI ,Interior,III 
Joaquim Pires,25º BPM/1ª CIA/GPM,"Rua 22 de abril, 211, Centro, Joaquim Pires-PI, 64.170-000",IMPLANTADO,-3.507621,-42.193958,-3°30'27'',-42°11'38'',VI ,Interior,I 
Joca Marques,25º BPM/3ª CIA/GPM,"Av. Edilberto Marques, s/nº, Joca Marques-PI, 64.165-000",IMPLANTADO,-3.500777,-42.431633,-3°30'2'',-42°25'53'',VI ,Interior,I 
José de Freitas,16º BPM/1ª & 2ª CIA/SEDE,"Rua Joaquim Sampaio Castelo Branco, S/N, Centro - José de Freitas-PI, 64.110-000",IMPLANTADO,-4.760269,-42.571651,-4°45'36'',-42°34'17'',XIX ,Interior,I 
Juazeiro do Piauí,15º BPM/3ª CIA/GPM,"Avenida São Francisco S/N, Juazeiro do Piauí - PI, 64.343-000",IMPLANTADO,-5.171489,-41.704445,-5°10'17'',-41°42'16'',VIII ,Interior,I 
Júlio Borges,7º BPM/4ª CIA/GPM,"Rua Apio Brito, s/nº, Centro, Júlio Borges-PI, 64.963-000",IMPLANTADO,-10.326148,-44.239643,-10°19'34'',-44°14'22'',XV ,Interior,IV 
Jurema,11º BPM/3ºCIA/GPM,"Av. Marcelo Castro S/N, Centro, Jurema - PI, 64.782-000",IMPLANTADO,-9.217070,-43.131798,-9°13'1'',-43°7'54'',XVI ,Interior,III 
Lagoa Alegre,16º BPM/1ª CIA/GPM,"Rua Ayrton Senna S/N, Centro, Lagoa Alegre - PI, 64.138-000",IMPLANTADO,-4.515177,-42.624657,-4°30'54'',-42°37'28'',XIX ,Interior,I 
Lagoa do Barro do Piauí,11º BPM/2ªCIA/GPM,"Praça Central, 10, Centro, Lagoa do Barro do Piauí-PI, 64.769-000",IMPLANTADO,-8.476017,-41.528656,-8°28'33'',-41°31'43'',XVI ,Interior,III 
Lagoa do Piauí,17º BPM/3ª CIA/GPM,"Rua José Francisco de Lima, s/nº, Centro, Lagoa do Piauí-PI, 64.388-000",IMPLANTADO,-5.415261,-42.645500,-5°24'54'',-42°38'43'',XXI ,Interior,II 
Lagoa do São Francisco,12º BPM/2ª CIA/GPM,"Rua Manoel Nogueira Lima, snº, Centro, Lagoa do São Francisco-PI, 64.258-000",IMPLANTADO,-4.390549,-41.600662,-4°23'25'',-41°36'2'',V ,Interior,I
Lagoa do Sítio,23º BPM/1ª CIA/GPM,"Rua Raimundo José de Oliveira, s/nº, Centro, Lagoa do Sítio-PI, 64.308-000",IMPLANTADO,-6.516835,-41.570747,-6°31'0'',-41°34'14'',IX ,Interior,III 
Lagoinha do Piauí,18º BPM/1º CIA/GPM,"Av. Prefeito Mosaniel, nº 599, Lagoinha do Piauí-PI, 64.456-000",IMPLANTADO,-5.830965,-42.629097,-5°49'51'',-42°37'44'',XXII ,Interior,II 
Landri Sales,10º BPM/2ª CIA/GPM,"Rua Dom Expedito Lopes, s/nº, Centro, Landri Sales - PI, 64.850-000",IMPLANTADO,-7.263728,-43.929470,-7°15'49'',-43°55'46'',XIII ,Interior,IV 
Luis Correia,24º BPM/1ª & 3ª CIA/SEDE,"Rua Deputado Joao Pinto, nº 305, Centro, Luis Correia - PI, 64.220-000",IMPLANTADO,-2.884249,-41.665268,-2°53'3'',-41°39'54'',IV ,Interior,I 
Luzilândia,25º BPM/3ª CIA/SEDE,"Praça João José Filho, s/nº, Centro, Luzilândia-PI, 64.160-000",IMPLANTADO,-3.459644,-42.372108,-3°27'34'',-42°22'19'',VI ,Interior,I 
Madeiro,25º BPM/3ª CIA/GPM,"Av. Elias Freitas, s/nº, Centro, Madeiro-PI, 64.168-000",IMPLANTADO,-3.484131,-42.500717,-3°29'2'',-42°30'2'',VI ,Interior,I 
Manoel Emídio,19º BPM/2ª CIA/GPM,"Avenida 1º de Maio, nº 397, Centro, Manoel Emídio-PI, 64.875-000",IMPLANTADO,-8.010522,-43.873016,-8°0'37'',-43°52'22'',XIV ,Interior,IV 
Marcolândia do Piauí,20º BPM/2ª CIA/GPM,"Rua Cícero Raimundo Nonato, s/nº, Centro, Marcolândia do Piauí-PI, 64.685-000",IMPLANTADO,-7.448062,-40.665825,-7°26'53'',-40°39'56'',XI ,Interior,III 
Marcos Parente,10º BPM/2ª CIA/GPM,"Rua Getulio Vargas, S/nº, Centro, Marcos Parente-PI, 64.845-000",IMPLANTADO,-7.124809,-43.891258,-7°7'29'',-43°53'28'',XIII ,Interior,IV 
Massapê do Piauí,20º BPM/3ª CIA/GPM,"Rua Assembléia de Deus, s/nº, Centro, Massapê do Piauí-PI, 64.573-000",IMPLANTADO,-7.462368,-41.127270,-7°27'44'',-41°7'38'',XI ,Interior,III 
Matias Olímpio,25º BPM/3ª CIA/GPM,"Rua Governador Gaioso, ,s/nº, Bairro Jurema, Matias Olímpio-PI, 64.150-000",IMPLANTADO,-3.712690,-42.552887,-3°42'45'',-42°33'10'',VI ,Interior,I 
Miguel Alves,26º BPM/2ª CIA/SEDE,"Avenida Desembargador Simplício Mendes, s/nº, Centro, Miguel Alves - PI, 64.130-000",IMPLANTADO,-4.170158,-42.894379,-4°10'12'',-42°53'39'',XIX ,Interior,II 
Miguel Leão,18º BPM/1º CIA/GPM,"Rua Presidente Kennedy, 15, Miguel Leão-PI, 64.445-000",IMPLANTADO,-5.681279,-42.737946,-5°40'52'',-42°44'16'',XXI ,Interior,II 
Milton Brandão,12º BPM/2ª CIA/GPM,"Rua Manoel Campêlo, s/nº,Centro, Milton Brandão-PI, 64.253-000 ",IMPLANTADO,-4.701897,-41.446117,-4°42'6'',-41°26'46'',V ,Interior,I
Monselhor Hipólito,4º BPM/3ª CIA/GPM,"Av.Manoel Bezerra, nº 515, Monselhor Hipólito-PI, 64.650-000",IMPLANTADO,-6.994020,-41.028763,-6°59'38'',-41°1'43'',X ,Interior,III 
Monsenhor Gil,18º BPM/1º CIA/GPM,"Rua João José Batista, s/nº, Centro, Monsenhor Gil-PI, 64.450-000",IMPLANTADO,-5.563792,-42.609989,-5°33'49'',-42°36'35'',XXI ,Interior,II 
Monte Alegre do Piauí,7º BPM/1ª CIA/GPM,"Rua Antônio Martins de Andrade, s/nº, Centro, Monte Alegre do Piauí-PI, 64.940-000",IMPLANTADO,-9.754031,-45.300243,-9°45'14'',-45°18'0'',XV ,Interior,IV 
Morro Cabeça no Tempo,7º BPM/4ª CIA/GPM,"Rua Abraão Lopes, s/nº, Centro, Morro Cabeça no Tempo-PI",IMPLANTADO,-9.725117,-43.906258,-9°43'30'',-43°54'22'',XV ,Interior,IV 
Morro do Chapéu do Piauí,25º BPM/1ª CIA/GPM,"Rua José Vitorio, 448, Centro, Morro do Chapéu-PI, 64.178-000",IMPLANTADO,-3.744728,-42.310341,-3°44'41'',-42°18'37'',VI ,Interior,I 
Murici dos Portelas,31º BPM/1ª CIA/GPM,"Rua Nova, s/nº, Centro, Murici dos Portelas-PI, 64.175-000",IMPLANTADO,-3.326357,-42.089569,-3°19'34'',-42°5'22'',III ,Interior,I 
Nazaré do Piauí,3º BPM/1ª CIA/GPM,"Rua 15 de novembro, 209, Centro, Nazaré-PI, 64.825-000",IMPLANTADO,-6.972716,-42.674831,-6°58'21'',-42°40'29'',XVII ,Interior,IV 
Nazária,17º BPM/2ª CIA/SEDE,"PI 130, Nazária-PI, 64.415-000",IMPLANTADO,-5.366521,-42.829105,-5°21'59'',-42°49'44'',XXI ,Interior,II 
Nossa Senhora de Nazaré,15º BPM/1ª CIA/GPM,"Avenida Agostinho Barbosa, s/nº, Centro, Nossa Senhora de Nazaré-PI< 64.28800",IMPLANTADO,-4.633810,-42.173031,-4°38'1'',-42°10'22'',VIII ,Interior,I 
Nossa Senhora dos Remédios,30º BPM/1ª CIA/GPM,"Rua Cândido Constâncio, s/nº, Nossa Senhora dos Remédios-PI, 64.144-000",IMPLANTADO,-3.985825,-42.621819,-3°59'8'',-42°37'18'',VII ,Interior,I 
Nova Santa Rita,28º BPM/2ª CIA/GPM,"Avenida Valdeir Leite, 566, Centro, Nova Santa Rita - PI, 64.764-000",IMPLANTADO,-8.072987,-42.049599,-8°4'22'',-42°2'58'',XII ,Interior,IV 
Novo Oriente do Piauí,23º BPM/1ª CIA/GPM,"Rua 09 de junho, s/nº, Centro, Novo Oriente do Piauí-PI, 64.530-000",IMPLANTADO,-6.450989,-41.927341,-6°27'3'',-41°55'38'',IX ,Interior,III 
Novo Santo Antônio,21º BPM/1ª CIA/GPM,"Rua Capitão José Manoel da Cruz, S/n, Centro, Novo Santo Antonio-PI, 64.365-000",IMPLANTADO,-5.287451,-41.934704,-5°17'14'',-41°56'4'',VIII ,Interior,I
Oeiras,14º BPM/1ª & 3ª CIA/SEDE,"Praça João XXIII, 289, Bomba, Oeiras-PI, 64.500-000",IMPLANTADO,-7.010849,-42.131611,-7°0'39'',-42°7'53'',XII ,Interior,III 
Olho D'água do Piauí,18º BPM/1º CIA/GPM,"Avenida Norberto Lima,1355, Centro, Olho D'Água do Piauí-PI, 64.468-000",IMPLANTADO,-5.848485,-42.572430,-5°50'54'',-42°34'20'',XXII ,Interior,II 
Padre Marcos,20º BPM/3ª CIA/GPM,"Av. José de Moura Leal, nº 315, Centro, Padre Marcos-PI, CEP 64.680-000",IMPLANTADO,-7.353543,-40.906250,-7°21'12'',-40°54'22'',XI ,Interior,III 
Paes Landim,28º BPM/2ª CIA/SEDE,"Rua Maria Borges, s/nº, Centro, Paes Landim-PI, 64.710-000",IMPLANTADO,-7.777620,-42.257229,-7°46'39'',-42°15'26'',XII ,Interior,IV 
Pajeú do Piauí,28º BPM/1ª CIA/GPM,"Rua Bernadini Paraguai, s/nº, Centro, Pajeú do Piauí-PI, 64.898-000",IMPLANTADO,-7.855756,-42.820576,-7°51'20'',-42°49'14'',XVIII ,Interior,IV 
Palmeira do Piauí,19º BPM/1ª CIA/GPM,"Avenida José Luis, s/nº, Centro, Palmeiras do Piauí-PI, 64.925-000",IMPLANTADO,-8.722674,-44.238140,-8°43'21'',-44°14'17'',XIV ,Interior,IV 
Palmeirais,18º BPM/2ª CIA/GPM,"Avenida Luis da Costa Veloso, 332, Centro, Palmeiras-PI, .64.420-000",IMPLANTADO,-5.972780,-43.063484,-5°58'22'',-43°3'48'',XXII ,Interior,II 
Paquetá,4º BPM/1ª CIA/GPM,"Rua Elizeu Portela, s/nº, Centro, Paquetá-PI, 64.618-000",IMPLANTADO,-7.101953,-41.700829,-7°6'7'',-41°42'2'',X ,Interior,III 
Parnaguá,7º BPM/2ª CIA/GPM,"Rua Sete de Setembro, s/nº, Centro, Parnaguá-PI, 64.970-000",IMPLANTADO,-10.224200,-44.640121,-10°13'27'',-44°38'24'',XV ,Interior,IV 
Parnaíba,27º BPM/1ª e 2ª CIA's/SEDE,"Avenida São Sebastião, 5900, Bairro Planalto, Parnaíba-PI, 64.200-000",IMPLANTADO,-2.911222,-41.727310,-2°54'40'',-41°43'38'',II ,Interior,I 
Parnaíba,2º BPM/1ª CIA/SEDE,"Av. Batista Silva, nº 2638, Bairro Bebedouro, Parnaíba-PI, 64.218-875",IMPLANTADO,-2.939707,-41.783642,-2°56'22'',-41°47'1'',I ,Interior,I 
Parnaíba,2ª CIPA,,NÃO INSTALADA,,,,,,,
Parnaíba,CITRAN/2ª CIA,"Rua Felipe Neves, nº 85, Bairro Fátima, Parnaíba-PI, CEP 64.200-340",IMPLANTADO,-2.903840,-41.759346,"-2°54'13""","-41°45'33""",,,
Parnaíba,Esquadrão,"Av. Batista Silva, nº 2638, Bairro Bebedouro, Parnaíba-PI, CEP 64.218-875",IMPLANTADO,-2.939707,-41.783642,-2°56'22'',-41°47'1'',,,
Passagem Franca do Piauí,18º BPM/1ª CIA/GPM,"Rua José Dutra Area Leão, 660, Centro, Passagem Franca do Piauí-PI, 64.395-000",IMPLANTADO,-5.860603,-42.441124,-5°51'38'',-42°26'28'',XXII ,Interior,II 
Patos do Piauí,20º BPM/3ª CIA/GPM,"Av. Tenente João Rufino, s/nº, Centro, Patos do Piauí-PI, 64.580-000",IMPLANTADO,-7.681132,-41.244507,-7°40'52'',-41°14'40'',XI ,Interior,III 
Pau D'Arco,21º BPM/1ª CIA/GPM,"Rua Conselheiro Lúcia de Fátima, 378, centro, Pau D'Arco-PI, 64.295-000",IMPLANTADO,-5.269570,-42.395836,-5°16'10'',-42°23'45'',XX ,Interior,II 
Paulistana,20º BPM/1ª CIA/SEDE,"Avenida Transnordestina BR 407, s/nº, Triângulo, Paulistana-PI, 64.750-000",IMPLANTADO,-8.139970,-41.137066,-8°8'23'',-41°8'13'',XI ,Interior,III 
Pavussu,28º BPM/1ª CIA/GPM,"Rua do Ouro, s/nº, Centro, Pavussú-PI, 64.838-000",IMPLANTADO,-7.964918,-43.226242,-7°57'53'',-43°13'34'',XVIII ,Interior,IV 
Pedro II,12º BPM/2ª CIA/SEDE,"Rua João Braga Campelo, nº10, Conjunto Joaquim Braga, Bairro Descoberta, Pedro II-PI, 64.255-000",IMPLANTADO,-4.445364,-41.444656,-4°26'43'',-41°26'40'',V ,Interior,I
Pedro Laurentino,28º BPM/2ª CIA/GPM,"Rua Beroniza, s/nº, Centro, Pedro Laurentina-PI, 64.728-00",IMPLANTADO,-8.067522,-42.287296,-8°4'3'',-42°17'14'',XII ,Interior,IV 
Picos,4º BPM/1ªCIA/SEDE,"Av. Nossa Senhora de Fátima, 956, Campo Varzea, Picos-PI, 64.600-000",IMPLANTADO,-7.067957,-41.404545,-7°4'4'',-41°24'16'',X ,Interior,III 
Picos,BEPI/3ª CIA,"Av.Nossa Senhora de Fátima, 956, Campo Varzea, Picos-PI, 64.600-000",IMPLANTADO,-7.067957,-41.404545,-7°4'4'',-41°24'16'',,,
Picos,CITRAN/1ª CIA,,NÃO INSTALADA,,,,,,,
Pimenteiras,23º BPM/1ª CIA/GPM,"Rua Piripiri, s/nº, Centro, Pimenteiras-PI, 64.320-000",IMPLANTADO,-6.231714,-41.420116,-6°13'54'',-41°25'12'',IX ,Interior,III 
Pio IX,4º BPM/2ª CIA/GPM,"Rua Sebastião Arraes, s/nº, Centro, Pio IX-PI, 64.660-000",IMPLANTADO,-6.837988,-40.614166,-6°50'16'',-40°36'50'',X ,Interior,III 
Piracuruca,12º BPM/3ª CIA/SEDE,"Av. Coronel Pedro de Brito, nº 989, Centro, Piracuruca-PI, 64.240-000",IMPLANTADO,-3.931561,-41.708004,-3°55'53'',-41°42'28'',V ,Interior,I
Piripiri,12º BPM/1ª CIA/SEDE,"Rua Aderson Alves Ferreira, 1030, Domingos Mourão - PI, 64.260-000",IMPLANTADO,-4.253173,-41.269848,-4°15'11'',-41°16'11'',V ,Interior,I
Porto,30º BPM/1ª CIA/GPM,"Av. Presidente Vargas, s/nº, Centro, Porto-PI, 64.145-000",IMPLANTADO,-3.895311,-42.704056,-3°53'43'',-42°42'14'',VII ,Interior,I 
Porto Alegre do Piauí,10º BPM/2ª CIA/GPM,"Avenida Wullisses Pereira de Sousa, s/nº, Centro, Porto Alegre do Piauí-PI, 64.858-000",IMPLANTADO,-6.972221,-44.199318,-6°58'19'',-44°11'57'',XIII ,Interior,IV 
Prata do Piauí,23º BPM/3ª CIA/GPM,"Avenida Agostinho Pessoa, nº 276, Centro, Prata do Piaui-PI, 64.370-000",IMPLANTADO,-5.669160,-42.205021,-5°40'8'',-42°12'18'',IX ,Interior,III 
Queimada Nova,20º BPM/1ª CIA/GPM,"Rua João da Cruz, s/nº, Centro, Queimada Nova - PI, 64.758-000",IMPLANTADO,-8.582122,-41.418400,-8°34'55'',-41°25'6'',XI ,Interior,III 
Redenção do Gurguéia,19º BPM/1ª CIA/GPM,"Avenida Gurgueia, s/nº, centro, Redenção do Gurguéia, 64.915-000",IMPLANTADO,-9.489656,-44.584408,-9°29'22'',-44°35'3'',XIV ,Interior,IV 
Regeneração,18º BPM/2º CIA/SEDE,"Rua Deolindo Pessoa s/nº, Centro, Regeneração-PI, 64.490-000",IMPLANTADO,-6.231914,-42.685196,-6°13'54'',-42°41'6'',XXII ,Interior,II 
Riacho Frio,7º BPM/1ª CIA/GPM,"Rua Ipiranga, s/nº, Vale do Brejo, Riacho Frio-PI, 64.975-000",IMPLANTADO,-10.131280,-44.952934,-10°7'52'',-44°57'10'',XV ,Interior,IV 
Ribeira do Piauí,28º BPM/1ª CIA/GPM,"Avenida Presidente Médice, s/nº,Ribeira do Piauí - PI, 64.725-000",IMPLANTADO,-7.691555,-42.713249,-7°41'29'',-42°42'47'',XVIII ,Interior,IV 
Ribeiro Gonçalves,10º BPM/3º CIA/GPM,"Rua Martiliano da Silva, 562, Bela Vista, Ribeiro Gonçalves-PI, 64.865-000",IMPLANTADO,-7.562898,-45.246796,-7°33'46'',-45°14'48'',XIII ,Interior,IV 
Rio Grande do Piauí,28º BPM/1ª CIA/GPM,"Rua da Liberdade,s/nº, Centro, Rio Grande do Piauí-PI, 64.835-000",IMPLANTADO,-7.773848,-43.138802,-7°46'25'',-43°8'19'',XVIII ,Interior,IV 
Santa Cruz do Piauí,14º BPM/1ª CIA/GPM,"Rua Conselheiro Chicada, 251, Centro, Santa Cruz do Piauí-PI, 64.545-000",IMPLANTADO,-7.185490,-41.765530,-7°11'7'',-41°45'55'',XII ,Interior,III 
Santa Cruz dos Milagres,23º BPM/3ª CIA/SEDE,"Av. São Nicolau, nº 277, Bairro Galiléia, Santa Cruz dos Milagres-PI, 64.315-000",IMPLANTADO,-5.804279,-41.960773,-5°48'15'',-41°57'38'',IX ,Interior,III 
Santa Filomena,7º BPM/3ª CIA/SEDE,"Rua Três de Outubro, s/nº, Santa Filomena-PI, 64.945-000",IMPLANTADO,-9.117045,-45.923191,-9°7'1'',-45°55'23'',XV ,Interior,IV 
Santa Luz,19º BPM/1ª CIA/GPM,"Avenida Francisco Cruz, Centro, nº 285, Santa Luz-PI, 64.910-000",IMPLANTADO,-8.953493,-44.129944,-8°57'12'',-44°7'47'',XIV ,Interior,IV 
Santa Rosa do Piauí,14º BPM/1ª CIA/GPM,"Avenida Tancredo Neves, 142, Centro, Santa Rosa do Piauí-PI, 64.518-000",IMPLANTADO,-6.801970,-42.281567,-6°48'7'',-42°16'53'',XII ,Interior,III 
Santana do Piauí,4º BPM/1ª CIA/GPM,"Rua São Pedro, 96, Centro, Santana-PI, 64.615-000",IMPLANTADO,-6.945397,-41.503981,-6°56'43'',-41°30'14'',X ,Interior,III 
Santo Antônio de Lisboa,4º BPM/3ª CIA/SEDE,"Rua José Lopes da Silva, s/nº, Centro, Santo Antônio de Lisboa-PI, 64.640-000",IMPLANTADO,-6.981891,-41.231678,-6°58'54'',-41°13'54'',X ,Interior,III 
Santo Antônio dos Milagres,18º BPM/2ª CIA/GPM,"Rua da Creche, 115, Centro, Santo Antônio dos Milagres-PI, 64.438-000",IMPLANTADO,-6.049808,-42.712070,-6°2'59'',-42°42'43'',XXII ,Interior,II 
Santo Inácio do Piauí,14º BPM/2ª CIA/GPM,"Avenoda São José, 246, Centro, Santo Inácio do Piauí-PI, 64.560-000",IMPLANTADO,-7.426346,-41.910831,-7°25'34'',-41°54'38'',XII ,Interior,III 
São Braz do Piauí,11º BPM/1ª CIA/GPM,"Rua Dionísio Pereira da Silva, s/nº, Centro, São Braz do Piauí-PI, 64.783-000",IMPLANTADO,-9.063354,-43.001091,-9°3'48'',-43°0'3'',XVI ,Interior,III 
São Félix do Piauí,23º BPM/3ª CIA/GPM,"Rua Três de Maio, 470, Sao Felix Do Piauí-PI, 64.375-000",IMPLANTADO,-5.933267,-42.109959,-5°55'59'',-42°6'35'',IX ,Interior,III 
São Francisco de Assis,14º BPM/2ª CIA/GPM,"Rua José Carmosina, 168, Centro, São Francisco de Assis-PI, 64.745-000",IMPLANTADO,-8.235755,-41.687019,-8°14'8'',-41°41'13'',XII ,Interior,III 
São Francisco do Piauí,14º BPM/1ª CIA/GPM,"Avenida Laurentino Pereira Neto, S/N, São Francisco do Piauí - Pi, Centro,  64550-000",IMPLANTADO,-7.251958,-42.543957,-7°15'7'',-42°32'38'',XII ,Interior,III 
São Gonçalo do Gurguéia,7º BPM/1ª CIA/GPM,"Rua Projetada, s/nº Bairro Sol Nascente, São Gonçalo-PI, 64.990-000",IMPLANTADO,-10.030004,-45.299744,-10°1'48'',-45°17'59'',XV ,Interior,IV 
São Gonçalo do Piauí,18º BPM/1º CIA/GPM,"Rua Elesbão Freitas, 107, Centro, São Gonçalo do Piauí-PI, 64.435-000",IMPLANTADO,-5.996765,-42.702049,-5°59'48'',-42°42'7'',XXII ,Interior,II 
São João da Canabrava,4º BPM/3ª CIA/GPM,"Rua João Antônio da Silva, nº 121, Centro, São João da Canabrava-PI, 64.635-000",IMPLANTADO,-6.818969,-41.344139,-6°49'8'',-41°20'38'',X ,Interior,III 
São João da Fronteira,12º BPM/3ª CIA/GPM,"Rua São Pedro, s/nº, Centro, São João da Fronteira-PI,  64.243-000",IMPLANTADO,-3.938228,-41.260399,-3°56'17'',-41°15'37'',V ,Interior,I
São João da Serra,21º BPM/1ª CIA/GPM,"PI 451, Nº 286, Bairro Santa Rita, São João da Serra-PI, 64.350-000",IMPLANTADO,-5.520483,-41.896824,-5°31'13'',-41°53'48'',VIII ,Interior,I
São João da Varjota,14º BPM/1ª CIA/GPM,"Rua São João Batista, 194, Centro, São João da Varjota-PI, 64.510-000",IMPLANTADO,-6.915127,-41.863880,-6°54'54'',-41°51'49'',XII ,Interior,III 
São João do Arraial,25º BPM/1ª CIA/GPM,"Av. Vicente Augusto, nº 1120, Centro, São João do Arraial-PI, 64.",IMPLANTADO,-3.811692,-42.451672,-3°48'42'',-42°27'6'',VI ,Interior,I 
São João do Piauí,11º BPM/2ªCIA/SEDE,"BR-020, s/nº, Vila Foca, São João do Piauí-PI, 64.760-000",IMPLANTADO,-8.363753,-42.232792,-8°21'49'',-42°13'58'',XVI ,Interior,III 
São José do Divino,12º BPM/3ª CIA/GPM,"Av. Manoel Divino, 1355, Bairro: Nossa Senhora de Fátima, 64245-000",IMPLANTADO,-3.809941,-41.821892,-3°48'35'',-41°49'18'',V ,Interior,I
São José do Peixe,28º BPM/2ª CIA/GPM,"Rua Sargento Jerônimo Lopes Veras, nº 120, Centro, São José do Peixe-PI, 64.555-000",IMPLANTADO,-7.493750,-42.561653,-7°29'37'',-42°33'41'',XVII ,Interior,IV 
São José do Piauí,4º BPM/1ª CIA/GPM,"Rua Antônio Bezerra, 15, Centro, São José do Piauí-PI, 64.625-000",IMPLANTADO,-6.873343,-41.474356,-6°52'24'',-41°28'27'',X ,Interior,III 
São Julião,4º BPM/2ª CIA/GPM,"Av. Marechal Castelo Branco, s/nº, São Julião-PI, 64.670-000",IMPLANTADO,-7.082842,-40.835503,-7°4'58'',-40°50'7'',X ,Interior,III 
São Lourenço do Piauí,11º BPM/1ªCIA/GPM,"Av. 29 de Abril, s/nº, Centro, São Lourenço do Piauí, 64.778-000",IMPLANTADO,-9.166203,-42.547169,-9°9'58'',-42°32'49'',XVI ,Interior,III 
São Luis do Piauí,4º BPM/3ª CIA/GPM,"Rua Pedro Paulo de Santana, 183, Centro São Luís do Piauí-PI, 64.638-000",IMPLANTADO,-6.827991,-41.324318,-6°49'40'',-41°19'27'',X ,Interior,III 
São Miguel da Baixa Grande,23º BPM/3ª CIA/GPM,"Rua Manoel Cristino, 584, São Miguel da Baixa Grande-PI, 64378-000",IMPLANTADO,-5.864715,-42.189697,-5°51'52'',-42°11'22'',IX ,Interior,III 
São Miguel do Fidalgo,28º BPM/2ª CIA/GPM,"Rua Joaquim Dias de Oliveira, s/nº, Centro, São Miguel do Fidalgo-PI,  64.558-000",IMPLANTADO,-7.584226,-42.372562,-7°35'3'',-42°22'21'',XII ,Interior,IV 
São Miguel do Tapuio,15º BPM/2ª CIA/SEDE,"Rua Dona Rosaura, 410, Centro, 64.330-000, São Miguel do Tapuio-PI",IMPLANTADO,-5.502764,-41.322182,-5°30'9'',-41°19'19'',VIII ,Interior,I 
São Pedro do Piauí,18º BPM/1º CIA/GPM,"Rua dos Esportes, 478, Centro, São Pedro do Piauí-PI, 64.430- 000",IMPLANTADO,-5.925975,-42.721096,-5°55'33'',-42°43'15'',XXII ,Interior,II 
São Raimundo Nonato,11º BPM/1ª CIA/SEDE,"Praça Coronel João Antunes de Macêdo, 85, Gavião, São Raimundo Nonato-PI, 64.770-000",IMPLANTADO,-9.014225,-42.703262,-9°0'51'',-42°42'11'',XVI ,Interior,III 
São Raimundo Nonato,1ª CIPA,"Serra Vermelha, s/n, Zona Rural, São Raimundo Nonato -PI, CEP 64.770-000",IMPLANTADO,-8.885942,-42.734070,"-8°53'09""","-4244'2""",,Interior,
Sebastião Barros,7º BPM/1ª CIA/GPM,"Avenida André Pereira, s/nº, Centro, Sebastião Barros-PI, 64.985-000",IMPLANTADO,-10.816437,-44.833683,-10°48'59'',-44°50'1'',XV ,Interior,IV 
Sebastião Leal,10º BPM/1ª CIA/GPM,"Rua São José, s/nº, centro, Sebastião Leal-PI, 64.873-000",IMPLANTADO,-7.568471,-44.063232,-7°34'6'',-44°3'47'',XIII ,Interior,IV 
Sigefredo Pacheco,15º BPM/1ª CIA/GPM,"Rua Policarpo Chaves, s/nº, Centro, Sigefredo Pacheco - PI, 64.285-000",IMPLANTADO,-4.916983,-41.733974,-4°55'1'',-41°44'2'',VIII ,Interior,I 
Simões,20º BPM/2ªCIA/SEDE,"Rua João Raimundo Oliveira,s/nº, Centro, Simões-PI, 64.585-000",IMPLANTADO,-7.595669,-40.819141,-7°35'44'',-40°49'8'',XI ,Interior,III 
Simplício Mendes,14º BPM/2ª CIA/SEDE,"Rua Nivardo Rodrigues, 341, Centro, Simplício Mendes-PI, 64.700-000",IMPLANTADO,-7.855549,-41.910004,-7°51'19'',-41°54'36'',XII ,Interior,III 
Socorro do Piauí,28º BPM/2ª CIA/GPM,"Rua Costa e Silva, s/nº, Centro, Socorro do Piauí-PI, 64.720-000",IMPLANTADO,-7.864962,-42.505390,-7°51'53'',-42°30'19'',XII ,Interior,IV 
Sussuapara,4º BPM/1ª CIA/GPM,"Rua 15 de novembro, s/nº, Melancias, Sussuapara-PI, 64.610-000",IMPLANTADO,-7.010410,-41.383456,-7°0'37'',-41°23'0'',X ,Interior,III 
Tamboril do Piauí,28º BPM/1ª CIA/GPM,"Rua Isidoro, s/nº, Centro, Tamboril do Piauí-PI, 64.893-000",IMPLANTADO,-8.408526,-42.890625,-8°24'30'',-42°53'26'',XVIII ,Interior,IV 
Tanque do Piauí,14º BPM/1ª CIA/GPM,"Avenida Dom Edilberto, s/nº, Centro, Tanque do Piauí-PI, 64.512-000",IMPLANTADO,-6.598880,-42.283852,-6°35'55'',-42°17'1'',XII ,Interior,III 
Teresina,13º BPM/1ª & 3ª CIA/SEDE,"Rua Lourival Mesquita, s/nº, Res. Jacinta Andrade, Teresina-PI, 64.012-430",IMPLANTADO,-4.982619,-42.816002,-4°58'57'',-42°48'57'',III ,Capital,II 
Teresina,13º BPM/2ª CIA/SEDE,"Av. Poty Velho, s/nº,  Povoado Boa Hora, Teresina-PI, 64.012-991",IMPLANTADO,-4.891291,-42.872959,-4°53'28'',-42°52'22'',III ,Capital,II 
Teresina,17º BPM/1ª CIA/SEDE,"Rua 11, nº 7550, Bairro Porto Alegrte, Teresina-PI",IMPLANTADO,-5.190457,-42.758079,-5°11'25'',-42°45'29'',V ,Capital,II 
Teresina,1º BPM/1ª CIA,"Rua David Caldas, 281, Centro Sul, Teresina-PI, 64.001-190",IMPLANTADO,-5.090581,-42.809865,-5°5'26'',-42°48'35'',I,Capital,II 
Teresina,1º BPM/1ª CIA/SEDE,"Rua Paissandu, nº 1645, Centro, Teresina-PI, 64.001-120",IMPLANTADO,-5.090513,-42.809952,-5°5'25'',-42°48'35'',I,Capital,II 
Teresina,1º BPM/2ª CIA,"Avenida Das Nações Unidas, s/nº, Teresina-PI, 64.018-610",IMPLANTADO,-5.102904,-42.801636,-5°6'10'',-42°48'5'',I,Capital,II 
Teresina,1º BPM/2ª CIA/SEDE,"Rua Beneditinos, nº 500, Bairro São Pedro, Teresina-PI, 64.019-580",IMPLANTADO,-5.119498,-42.808144,-5°7'10'',-42°48'29'',I,Capital,II 
Teresina,1º BPM/3ª CIA/SEDE,"Rua Manoel Domingues, 2830, Mafuá, Teresina-PI, 64.002-335",EM OBRAS,-5.074560,-42.806599,-5°4'28'',-42°48'23'',I,Capital,II 
Teresina,1º BPM/4ª CIA,"Rua Beneditinos, 479, Vermelha, Teresina-PI, 64.017-410",IMPLANTADO,-5.119618,-42.808311,-5°7'10'',-42°48'29'',I,Capital,II 
Teresina,1º BPM/4ª CIA/SEDE,"Avenida Nações Unidas, nº 1849, Bairro Monte Castelo, Teresina-PI, 64.018-610",IMPLANTADO,-5.119684,-42.801642,-5°7'10'',-42°48'5'',I,Capital,II 
Teresina,22º BPM/1ª e 2ª CIA's/SEDE,"Av. Transversal,II, Bairro Promorar, 64.027-140",IMPLANTADO,-5.147367,-42.782501,-5°8'50'',-42°46'57'',IV ,Capital,II 
Teresina,29º BPM/1ª & 2ª CIA/SEDE,"Avenida Raul Lopes, 160, Bairro Noivos, Teresina-PI, 64.046-010",IMPLANTADO,-5.081961,-42.793858,-5°4'55'',-42°47'37'',VI ,Capital,II 
Teresina,"5º BPM/1ª, 2ª e 3ª CIA's/SEDE","Rua Des. Adalberto Correia Lima, S/Nº, Bairro Planalto Ininga, Teresina- PI,64.049-680",IMPLANTADO,-5.061366,-42.771759,-5°3'40'',-42°46'18'',VI ,Capital,II 
Teresina,"5º BPM/1ª, 2ª e 3ª CIA's/SEDE","Rua Des. Adalberto Correia Lima, S/Nº, Bairro Planalto Ininga, Teresina- PI,64.049-680",IMPLANTADO,-5.061366,-42.771759,-5°3'40'',-42°46'18'',VII ,Capital,II 
Teresina,6º BPM/1ª e 3ª CIA's/SEDE,"Rua D, S/Nº, Distrito Industrial I, Teresina-PI",IMPLANTADO,-5.143457,-42.794476,-5°8'36'',-42°47'40'',IV ,Capital,II 
Teresina,6º BPM/2ª CIA/SEDE,"Rua Ercínio Fortes, nº 1087, Bairro Bela Vista, Teresina-PI, 64.031-0990",IMPLANTADO,-5.139152,-42.778793,-5°8'20'',-42°46'43'',IV ,Capital,II 
Teresina,"8º BPM/1ª,2ª e 3ª CIA's /SEDE","Rua Antônio Gomes Chaves, n.º 37, Bairro Flamboyant,Dirceu I, Teresina-PI, 64.077-808",IMPLANTADO,-5.101862,-42.758625,-5°6'6'',-42°45'31'',IX ,Capital,II 
Teresina,"8º BPM/1ª,2ª e 3ª CIA's /SEDE","Rua Antônio Gomes Chaves, n.º 37, Bairro Flamboyant,Dirceu I, Teresina-PI, 64.077-808",IMPLANTADO,-5.101862,-42.758625,-5°6'6'',-42°45'31'',VIII ,Capital,II 
Teresina,9º BPM/1ª E 4ª CIA/SEDE,"Avenida Boa Esperança, nº 3796, Bairro São Joaquim,Teresina-PI, 64.004-065",IMPLANTADO,-5.062936,-42.836300,-5°3'46'',-42°50'10'',II,Capital,II 
Teresina,9º BPM/2ª CIA - Bairro Mocambinho,"Avenida Duque de Caxias, s/nº, Bairro Buenos Aires, Teresina-PI, 64.006-245",IMPLANTADO,-5.041834,-42.808132,-5°2'30'',-42°48'29'',II,Capital,II 
Teresina,9º BPM/3ª CIA – Bairro  Buenos Aires,"Rua Professor Graça Ciríaco, s/nº, Bairro Mocambinho, Teresina-PI, 64010-320",IMPLANTADO,-5.027534,-42.812637,-5°1'39'',-42°48'45'',II,Capital,II 
Teresina,BEPI/1ª CIA,"Avenida Higino Cunha, nº 1750, Cristo Rei, Teresina-PI, 64.014-220",IMPLANTADO,-5.095888,-42.786285,-5°5'45'',-42°47'10'',,,
Teresina,BEPI/SEDE,"Avenida Higino Cunha, nº 1750, Cristo Rei, Teresina-PI, 64.014-220",IMPLANTADO,-5.095888,-42.786285,-5°5'45'',-42°47'10'',,,
Teresina,BOPAER,"Rua Jarbas Martins, nº 667, Ilhotas, Teresina-PI, 64.014-075",IMPLANTADO,-5.089947,-42.792290,-5°5'23'',-42°47'32'',,,
Teresina,BOPE,"Avenida Marechal Castelo Branco, nº 1002, Bairro Ilhotas, Teresina-PI, 64.014-058",IMPLANTADO,-5.089844,-42.790173,-5°5'23'',-42°47'24'',,,
Teresina,BPA/SEDE/1ª e 2ª CPA,"Av. Presidente Kennedy, s/n, Parque Zoobotânico,bairro Morros, 64.065-990",IMPLANTADO,-5.039240,-42.780712,-5°2'21'',-42°46'50'',,,
Teresina,BPCHOQUE/ 1ª & 2ª CIA/SEDE,"Avenida Alameda Parnaíba, nº 814, Matinha, Teresina-PI, 64.003-200",IMPLANTADO,-5.080861,-42.823589,-5°4'51'',-42°49'24'',,,
Teresina,BPCHOQUE/3ª CIA/CPCAES,"Rua Professora Ismarina Abreu, nº 29, Porto do Centro, Teresina-PI, 64.060-065",IMPLANTADO,-5.043410,-42.749035,-5°2'36'',-42°44'56'',,,
Teresina,BPRE,"Rua Barroso, nº 263, Centro, Teresina-PI, CEP 64.001-130",IMPLANTADO,-5.094197,-42.812855,-5° 5' 39',-42° 48' 46,,,
Teresina,BPRONE/ 1ª; 2ª & 3ª CIA/SEDE,"Avenida Alameda Parnaíba, nº 814, Matinha, Teresina-PI, 64.003-200",IMPLANTADO,-5.080861,-42.823589,-5°4'51'',-42°49'24'',,,
Teresina,BPTRAN,"Rua Junqueira, nº 283, Bairro Redenção, Teresina-PI, CEP 64.017-018",IMPLANTADO,-5.117376,-42.793373,"5°07'02.6""","42°47'36.1""",,,
Teresina,CPCOM/CICLOPATRULHA,"Avenida Alameda Parnaíba, nº 814, Matinha, Teresina-PI, 64.003-200",IMPLANTADO,-5.080383,-42.823566,-5°4'49'',-42°49'24'',,,
Teresina,CPCOM/CIPE,"Rua Magalhães Filho, 1756, Marquês de Paranaguá, Teresina - PI, 64000-128",IMPLANTADO,-5.074474,-42.813680,-5°4'28'',-42°48'49'',,,
Teresina,CPCOM/CPMIRIM,"Rua Jarbas Martins, nº 602, 1002, Bairro Ilhotas, Teresina-PI, 64.014-058",IMPLANTADO,-5.089388,-42.791727,-5°5'21'',-42°47'30'',,,
Teresina,CPCOM/PATRULHA MARIA DA PENHA,"Rua Jarbas Martins, nº 602, 1002, Bairro Ilhotas, Teresina-PI, 64.014-058",IMPLANTADO,-5.089388,-42.791727,-5°5'21'',-42°47'30'',,,
Teresina,CPCOM/PROERD,"Rua Jarbas Martins, nº 602, 1002, Bairro Ilhotas, Teresina-PI, 64.014-058",IMPLANTADO,-5.089388,-42.791727,-5°5'21'',-42°47'30'',,,
Teresina,DIRETORIA DE INTELITELIGÊNCIA - DINTE,"Avenida Marechal Castelo Branco, 1601, Ilhotas, Teresina-PI, 64.001-685",IMPLANTADO,-5.070329,-42.804704,-5°4'13'',-42°48'16'',,,
Teresina,Quartel do Comando Geral - QCG,"Avenida Higino Cunha, nº 1750, Cristo Rei, Teresina-PI, 64.014-220",IMPLANTADO,-5.095888,-42.786285,-5°5'45'',-42°47'10'',,,
Teresina,ROCAM,"Avenida Alameda Parnaíba, nº 814, Matinha, Teresina-PI, 64.003-200",IMPLANTADO,-5.080861,-42.823589,-5°4'51'',-42°49'24'',,,
Teresina,ROCAM/1ª CIA & 3ª CIA/SEDE,"Avenida Alameda Parnaíba, nº 814, Matinha, Teresina-PI, 64.003-201",NÃO INSTALADA,,,,,,,
Teresina,ROCAM/2ª CIA/SEDE,"Avenida Alameda Parnaíba, nº 814, Matinha, Teresina-PI, 64.003-202",NÃO INSTALADA,,,,,,,
Teresina,RPMONT,"Avenida São Francisco, 3001, Parque Jurema, Teresina-PI, 64.076-038",IMPLANTADO,-5.119554,-42.760719,-5°7'10'',-42°45'38'',,,
Teresina,SEDE,"Rua Jarbas Martins, nº 602, 1002, Bairro Ilhotas, Teresina-PI, 64.014-058",IMPLANTADO,-5.089388,-42.791727,-5°5'21'',-42°47'30'',,,
União,26º BPM/1ªCIA/SEDE,"Rua das Pedras, s/nº, Beira-Rio, União-PI, 64.120-000",IMPLANTADO,-4.585306,-42.866703,-4°35'7'',-42°52'0'',XIX ,Interior,II 
Uruçuí,10º BPM/1ª CIA/SEDE,"Rua Pista Pouso, s/nº, Aeroporto, Uruçuí-PI, 64.860-000",IMPLANTADO,-7.251312,-44.555439,-7°15'4'',-44°33'19'',XIII ,Interior,IV 
Valença do Piauí,23º BPM/1ª CIA/SEDE,"Rua Antonio Luis, S/N, Centro, Valença do Piauí-PI, PI64300-000",IMPLANTADO,-6.402041,-41.742294,-6°24'7'',-41°44'32'',IX ,Interior,III 
Várzea Branca,11º BPM/3ªCIA/GPM,"Rua Todoro Paes Landim, s/nº, Caixa D'água, Várzea Branca-PI, 64.773-000",IMPLANTADO,-9.244727,-42.966839,-9°14'41'',-42°58'0'',XVI ,Interior,III 
Várzea Grande,23º BPM/2ª CIA/GPM,"Praça Marechal Deodoro da Fonseca, nº 187, Centro, Varzea Grande-PI, 64.525-000",IMPLANTADO,-6.545214,-42.248684,-6°32'42'',-42°14'55'',IX ,Interior,III 
Vera Mendes,4º BPM/1ª CIA/GPM,"Avenida Vereador José Mendes, s/nº, Vera Mendes-PI, 64.568-000",IMPLANTADO,-7.603982,-41.482609,-7°36'14'',-41°28'57'',X ,Interior,III 
Vila Nova do Piauí,4º BPM/2ª CIA/GPM,"Av. Central, s/nº, Centro, Vila Nova do Piauí-PI, 64.688-000",IMPLANTADO,-7.142537,-40.942047,-7°8'33'',-40°56'31'',X ,Interior,III 
Wall Ferraz,14º BPM/1ª CIA/GPM,"Rua Pedro Mendes Borges, 239, Centro, Wall Ferraz - PI, 64.548-000",IMPLANTADO,-7.236325,-41.910080,-7°14'10'',-41°54'36'',XII ,Interior,III 
,1ª CIOPAer,,NÃO INSTALADA,,,,,,,
,2ª CIOPAer,,NÃO INSTALADA,,,,,,,
,3ª CIOPAer,,NÃO INSTALADA,,,,,,,